id,col_0,col_1,col_2,col_3,col_4,col_5,col_6,col_7,col_8,col_9
1,data,data,data,data,data,data,data,data,data,data
2,data,data,data,data,data,data,data,data,data,data
3,data,data,data,data,data,data,data,data,data,data
4,data,data,data,data,data,data,data,data,data,data
5,data,data,data,data,data,data,data,data,data,data
6,data,data,data,data,data,data,data,data,data,data
7,data,data,data,data,data,data,data,data,data,data
8,data,data,data,data,data,data,data,data,data,data
9,data,data,data,data,data,data,data,data,data,data
10,data,data,data,data,data,data,data,data,data,data